,Year of Funding,Amount($)
2,2021,180072866042.99692
1,2020,115732302449.27777
0,2018,23044172358.77085
